HDPE_wt_percent	LDPE_wt_percent	PP_wt_percent	PS_wt_percent	PVC_wt_percent	PET_wt_percent	Temperature_C	Heating_Rate_C_per_min	Particle_Size_mm	Feed_Size_g	Catalyst	Reactor_Type	Oil_Yield_percent	Source
0.0	100.0	0.0	0.0	0.0	0.0	500.0	10.0	2.5		No	Fixed Bed	95.0	1
0.0	100.0	0.0	0.0	0.0	0.0	400.0	10.0	2.5		Yes	Fixed Bed	84.0	1
0.0	100.0	0.0	0.0	0.0	0.0	450.0	10.0	2.5		Yes	Fixed Bed	81.0	1
0.0	100.0	0.0	0.0	0.0	0.0	500.0	10.0	2.5		Yes	Fixed Bed	80.0	1
0.0	100.0	0.0	0.0	0.0	0.0	550.0	10.0	2.5		Yes	Fixed Bed	76.0	1
0.0	100.0	0.0	0.0	0.0	0.0	600.0	10.0	2.5		Yes	Fixed Bed	71.0	1
0.0	100.0	0.0	0.0	0.0	0.0	400.0	10.0	2.5		Yes	Fixed Bed	83.0	1
0.0	100.0	0.0	0.0	0.0	0.0	450.0	10.0	2.5		Yes	Fixed Bed	80.0	1
0.0	100.0	0.0	0.0	0.0	0.0	500.0	10.0	2.5		Yes	Fixed Bed	77.0	1
0.0	100.0	0.0	0.0	0.0	0.0	550.0	10.0	2.5		Yes	Fixed Bed	72.0	1
0.0	100.0	0.0	0.0	0.0	0.0	600.0	10.0	2.5		Yes	Fixed Bed	70.0	1
0.0	100.0	0.0	0.0	0.0	0.0	500.0				No	Fluidized Bed	81.2	2
0.0	100.0	0.0	0.0	0.0	0.0	550.0				No	Fluidized Bed	73.9	2
0.0	100.0	0.0	0.0	0.0	0.0	550.0				No	Fluidized Bed	72.7	2
0.0	100.0	0.0	0.0	0.0	0.0	550.0				No	Fluidized Bed	65.3	2
0.0	100.0	0.0	0.0	0.0	0.0	550.0				No	Fluidized Bed	64.7	2
0.0	100.0	0.0	0.0	0.0	0.0	600.0				No	Fluidized Bed	28.5	2
100.0	0.0	0.0	0.0	0.0	0.0	500.0	5.0	3.0	100.0	No	Fixed Bed	62.0	3
100.0	0.0	0.0	0.0	0.0	0.0	550.0	5.0	3.0	100.0	No	Fixed Bed	71.0	3
100.0	0.0	0.0	0.0	0.0	0.0	600.0	5.0	3.0	100.0	No	Fixed Bed	69.0	3
100.0	0.0	0.0	0.0	0.0	0.0	650.0	5.0	3.0	100.0	No	Fixed Bed	68.0	3
100.0	0.0	0.0	0.0	0.0	0.0	700.0	5.0	3.0	100.0	No	Fixed Bed	69.0	3
100.0	0.0	0.0	0.0	0.0	0.0	750.0	5.0	3.0	100.0	No	Fixed Bed	63.0	3
100.0	0.0	0.0	0.0	0.0	0.0	800.0	5.0	3.0	100.0	No	Fixed Bed	64.0	3
0.0	100.0	0.0	0.0	0.0	0.0	400.0	5.0	0.5	0.6	No	Batch	93.1	4
100.0	0.0	0.0	0.0	0.0	0.0	400.0	5.0	0.5	0.6	No	Batch	84.7	4
0.0	100.0	0.0	0.0	0.0	0.0	550.0	5.0	0.5	0.6	Yes	Batch	18.3	4
100.0	0.0	0.0	0.0	0.0	0.0	550.0	5.0	0.5	0.6	Yes	Batch	17.3	4
0.0	100.0	0.0	0.0	0.0	0.0	550.0	5.0	0.5	0.6	Yes	Batch	61.6	4
100.0	0.0	0.0	0.0	0.0	0.0	550.0	5.0	0.5	0.6	Yes	Batch	41.0	4
0.0	68.0	16.0	16.0	0.0	0.0	430.0		3.0		No	Batch	93.0	5
0.0	16.0	68.0	16.0	0.0	0.0	430.0		3.0		No	Batch	90.0	5
0.0	16.0	16.0	68.0	0.0	0.0	430.0		3.0		No	Batch	92.0	5
0.0	100.0	0.0	0.0	0.0	0.0	430.0		3.0		No	Batch	90.0	5
0.0	0.0	100.0	0.0	0.0	0.0	430.0		3.0		No	Batch	92.0	5
0.0	0.0	0.0	100.0	0.0	0.0	430.0		3.0		No	Batch	95.0	5
0.0	33.0	33.0	33.0	0.0	0.0	430.0		3.0		No	Batch	91.0	5
100.0	0.0	0.0	0.0	0.0	0.0	450.0	6.5			No	Batch	84.0	6
100.0	0.0	0.0	0.0	0.0	0.0	400.0	20.0		20.0	No	Batch	11.2	7
100.0	0.0	0.0	0.0	0.0	0.0	450.0	20.0		20.0	No	Batch	23.96	7
100.0	0.0	0.0	0.0	0.0	0.0	500.0	20.0		20.0	No	Batch	72.25	7
100.0	0.0	0.0	0.0	0.0	0.0	550.0	20.0		20.0	No	Batch	79.08	7
0.0	0.0	0.0	100.0	0.0	0.0	450.0	5.0	1.5	10.0	No	Batch	95.77	8
0.0	0.0	0.0	100.0	0.0	0.0	450.0	10.0	1.5	10.0	No	Batch	95.79	8
0.0	0.0	0.0	100.0	0.0	0.0	450.0	15.0	1.5	10.0	No	Batch	92.75	8
0.0	0.0	0.0	100.0	0.0	0.0	450.0	20.0	1.5	10.0	No	Batch	92.65	8
0.0	100.0	0.0	0.0	0.0	0.0	450.0	5.0	1.5	10.0	No	Batch	81.65	8
0.0	100.0	0.0	0.0	0.0	0.0	450.0	10.0	1.5	10.0	No	Batch	81.33	8
0.0	100.0	0.0	0.0	0.0	0.0	450.0	15.0	1.5	10.0	No	Batch	72.63	8
0.0	100.0	0.0	0.0	0.0	0.0	450.0	20.0	1.5	10.0	No	Batch	61.24	8
0.0	0.0	0.0	0.0	0.0	100.0	450.0	5.0	1.5	10.0	No	Batch	39.02	8
0.0	0.0	0.0	0.0	0.0	100.0	450.0	10.0	1.5	10.0	No	Batch	35.4	8
0.0	0.0	0.0	0.0	0.0	100.0	450.0	15.0	1.5	10.0	No	Batch	29.71	8
0.0	0.0	0.0	0.0	0.0	100.0	450.0	20.0	1.5	10.0	No	Batch	29.16	8
0.0	0.0	100.0	0.0	0.0	0.0	450.0	5.0	1.5	10.0	No	Batch	83.34	8
0.0	0.0	100.0	0.0	0.0	0.0	450.0	10.0	1.5	10.0	No	Batch	82.67	8
0.0	0.0	100.0	0.0	0.0	0.0	450.0	15.0	1.5	10.0	No	Batch	82.92	8
0.0	0.0	100.0	0.0	0.0	0.0	450.0	20.0	1.5	10.0	No	Batch	68.06	8
26.2	31.1	8.2	13.0	0.0	0.0	500.0	20.0	2.5	400.0	No	Fixed Bed	29.0	9
17.8	19.6	13.9	8.7	0.0	0.0	500.0	20.0	2.5	400.0	No	Fixed Bed	26.33	9
3.5	25.0	22.2	4.0	0.0	0.0	500.0	20.0	2.5	400.0	No	Fixed Bed	44.62	9
17.0	34.0	15.4	12.4	0.0	0.0	500.0	20.0	2.5	400.0	No	Fixed Bed	43.2	9
100.0	0.0	0.0	0.0	0.0	0.0	500.0		3.0	50.0	No	Batch	81.0	10
100.0	0.0	0.0	0.0	0.0	0.0	600.0		3.0	50.0	No	Batch	79.1	10
100.0	0.0	0.0	0.0	0.0	0.0	700.0	25.0			No	Fixed Bed	79.72	11
0.0	100.0	0.0	0.0	0.0	0.0	700.0	25.0			No	Fixed Bed	84.25	11
0.0	0.0	100.0	0.0	0.0	0.0	700.0	25.0			No	Fixed Bed	84.44	11
0.0	0.0	0.0	100.0	0.0	0.0	700.0	25.0			No	Fixed Bed	83.77	11
0.0	0.0	0.0	0.0	100.0	0.0	700.0	25.0			No	Fixed Bed	31.69	11
0.0	0.0	0.0	0.0	0.0	100.0	700.0	25.0			No	Fixed Bed	41.3	11
31.25	31.25	7.29	13.5	11.46	5.21	700.0	25.0			No	Fixed Bed	75.12	11
43.0	43.0	9.7	0.0	0.0	0.0	500.0	35.0	3.5	40.0	No	Horizontal Tube	63.91	12
43.0	43.0	9.7	0.0	0.0	0.0	550.0	50.0	3.5	40.0	No	Horizontal Tube	56.08	12
43.0	43.0	9.7	0.0	0.0	0.0	550.0	50.0	3.5	40.0	No	Horizontal Tube	59.21	12
43.0	43.0	9.7	0.0	0.0	0.0	550.0	20.0	3.5	40.0	No	Horizontal Tube	59.7	12
43.0	43.0	9.7	0.0	0.0	0.0	450.0	50.0	3.5	40.0	No	Horizontal Tube	48.38	12
43.0	43.0	9.7	0.0	0.0	0.0	550.0	20.0	3.5	40.0	No	Horizontal Tube	60.48	12
43.0	43.0	9.7	0.0	0.0	0.0	450.0	50.0	3.5	40.0	No	Horizontal Tube	13.61	12
43.0	43.0	9.7	0.0	0.0	0.0	450.0	20.0	3.5	40.0	No	Horizontal Tube	46.79	12
43.0	43.0	9.7	0.0	0.0	0.0	450.0	20.0	3.5	40.0	No	Horizontal Tube	15.4	12
43.0	43.0	9.7	0.0	0.0	0.0	550.0	35.0	3.5	40.0	No	Horizontal Tube	58.97	12
43.0	43.0	9.7	0.0	0.0	0.0	450.0	35.0	3.5	40.0	No	Horizontal Tube	34.94	12
43.0	43.0	9.7	0.0	0.0	0.0	500.0	50.0	3.5	40.0	No	Horizontal Tube	63.41	12
43.0	43.0	9.7	0.0	0.0	0.0	500.0	20.0	3.5	40.0	No	Horizontal Tube	66.51	12
43.0	43.0	9.7	0.0	0.0	0.0	500.0	35.0	3.5	40.0	No	Horizontal Tube	64.56	12
43.0	43.0	9.7	0.0	0.0	0.0	500.0	35.0	3.5	40.0	No	Horizontal Tube	64.22	12
29.3	29.3	26.9	8.8	0.0	5.6	500.0	10.0			No	Batch	75.8	13
29.3	29.3	26.9	8.8	0.0	5.6	500.0	20.0			No	Batch	82.0	13
0.0	0.0	100.0	0.0	0.0	0.0	250.0			2.0	No	Batch	57.27	14
0.0	0.0	100.0	0.0	0.0	0.0	300.0			2.0	No	Batch	69.82	14
0.0	0.0	100.0	0.0	0.0	0.0	350.0			2.0	No	Batch	67.74	14
0.0	0.0	100.0	0.0	0.0	0.0	400.0			2.0	No	Batch	63.23	14
100.0	0.0	0.0	0.0	0.0	0.0	300.0			2.0	No	Batch	30.7	14
100.0	0.0	0.0	0.0	0.0	0.0	350.0			2.0	No	Batch	80.88	14
100.0	0.0	0.0	0.0	0.0	0.0	400.0			2.0	No	Batch	54.17	14
0.0	0.0	100.0	0.0	0.0	0.0	460.0			10.0	No	Batch	86.0	15
0.0	34.0	66.0	0.0	0.0	0.0	460.0			10.0	No	Batch	84.0	15
0.0	66.0	34.0	0.0	0.0	0.0	460.0			10.0	No	Batch	63.0	15
0.0	100.0	0.0	0.0	0.0	0.0	460.0			10.0	No	Batch	95.0	15
0.0	66.0	34.0	0.0	0.0	0.0	460.0	10.0		10.0	Yes	Batch	67.0	15
0.0	34.0	66.0	0.0	0.0	0.0	460.0	10.0		10.0	Yes	Batch	62.0	15
0.0	0.0	100.0	0.0	0.0	0.0	460.0	10.0		10.0	Yes	Batch	57.0	15
0.0	100.0	0.0	0.0	0.0	0.0	460.0	10.0		10.0	Yes	Batch	50.0	15
0.0	100.0	0.0	0.0	0.0	0.0	500.0	6.0	2.0		No	Batch	80.41	16
0.0	100.0	0.0	0.0	0.0	0.0	500.0	8.0	2.0		No	Batch	79.64	16
0.0	100.0	0.0	0.0	0.0	0.0	500.0	10.0	2.0		No	Batch	76.45	16
0.0	100.0	0.0	0.0	0.0	0.0	500.0	12.0	2.0		No	Batch	74.32	16
0.0	100.0	0.0	0.0	0.0	0.0	500.0	14.0	2.0		No	Batch	71.11	16
0.0	0.0	0.0	0.0	0.0	100.0	500.0	6.0	2.0		No	Batch	38.89	16
0.0	0.0	0.0	0.0	0.0	100.0	500.0	8.0	2.0		No	Batch	34.16	16
0.0	0.0	0.0	0.0	0.0	100.0	500.0	10.0	2.0		No	Batch	32.13	16
0.0	0.0	0.0	0.0	0.0	100.0	500.0	12.0	2.0		No	Batch	30.33	16
0.0	0.0	0.0	0.0	0.0	100.0	500.0	14.0	2.0		No	Batch	29.14	16
0.0	0.0	100.0	0.0	0.0	0.0	500.0	6.0	2.0		No	Batch	82.12	16
0.0	0.0	100.0	0.0	0.0	0.0	500.0	8.0	2.0		No	Batch	81.32	16
0.0	0.0	100.0	0.0	0.0	0.0	500.0	10.0	2.0		No	Batch	80.65	16
0.0	0.0	100.0	0.0	0.0	0.0	500.0	12.0	2.0		No	Batch	79.41	16
0.0	0.0	100.0	0.0	0.0	0.0	500.0	14.0	2.0		No	Batch	78.26	16
100.0	0.0	0.0	0.0	0.0	0.0	430.0	3.0		10.0	No	Batch	84.7	17
0.0	100.0	0.0	0.0	0.0	0.0	430.0	3.0		10.0	No	Batch	84.3	17
0.0	100.0	0.0	0.0	0.0	0.0	430.0	3.0		10.0	No	Batch	84.6	17
50.0	50.0	0.0	0.0	0.0	0.0	430.0	3.0		10.0	No	Batch	83.7	17
0.0	0.0	0.0	100.0	0.0	0.0	450.0	10.0		1000.0	No	Batch	80.8	18
50.0	50.0	0.0	0.0	0.0	0.0	450.0	10.0		1000.0	No	Batch	25.0	18
0.0	0.0	100.0	0.0	0.0	0.0	450.0	10.0		1000.0	No	Batch	42.0	18
0.0	0.0	50.0	50.0	0.0	0.0	450.0	10.0		1000.0	No	Batch	25.0	18
25.0	25.0	0.0	50.0	0.0	0.0	450.0	10.0		1000.0	No	Batch	54.0	18
25.0	25.0	50.0	0.0	0.0	0.0	450.0	10.0		1000.0	No	Batch	24.0	18
12.5	12.5	25.0	50.0	0.0	0.0	450.0	10.0		1000.0	No	Batch	49.0	18
10.0	10.0	20.0	40.0	0.0	20.0	450.0	10.0		1000.0	No	Batch	40.0	18
0.0	100.0	0.0	0.0	0.0	0.0	450.0	7.5		17.0	No	Batch	79.8	19
100.0	0.0	0.0	0.0	0.0	0.0	450.0	7.5		17.0	No	Batch	79.8	19
0.0	100.0	0.0	0.0	0.0	0.0	450.0	7.5		17.0	No	Batch	79.1	19
0.0	0.0	100.0	0.0	0.0	0.0	450.0	7.5		17.0	No	Batch	85.0	19
0.0	50.0	50.0	0.0	0.0	0.0	450.0	7.5		17.0	No	Batch	79.4	19
33.3	33.3	33.3	0.0	0.0	0.0	450.0	7.5		17.0	No	Batch	82.4	19
25.0	50.0	25.0	0.0	0.0	0.0	450.0	7.5		17.0	No	Batch	79.7	19
34.6	34.6	9.6	9.6	10.6	1.1	450.0	7.5		17.0	No	Batch	75.4	19
25.0	50.0	25.0	0.0	0.0	0.0	450.0			17.0	No	Batch	79.7	20
0.0	100.0	0.0	0.0	0.0	0.0	450.0			17.0	No	Batch	79.1	20
44.4	0.0	21.2	13.3	12.2	8.9	500.0	5.0	7.5	35.0	No	Batch	48.7	21
100.0	0.0	0.0	0.0	0.0	0.0	500.0	5.0	3.5	35.0	No	Batch	93.0	21
0.0	0.0	100.0	0.0	0.0	0.0	500.0	5.0	3.5	35.0	No	Batch	95.0	21
0.0	0.0	0.0	100.0	0.0	0.0	500.0	5.0	3.5	35.0	No	Batch	71.0	21
0.0	0.0	0.0	0.0	0.0	100.0	500.0	5.0	3.5	35.0	No	Batch	15.0	21
0.0	100.0	0.0	0.0	0.0	0.0	500.0	5.0	3.0		No	Fluidized Bed	89.2	22
0.0	100.0	0.0	0.0	0.0	0.0	550.0	5.0	3.0		No	Fluidized Bed	78.6	22
0.0	100.0	0.0	0.0	0.0	0.0	600.0	5.0	3.0		No	Fluidized Bed	75.8	22
0.0	100.0	0.0	0.0	0.0	0.0	650.0	5.0	3.0		No	Fluidized Bed	59.9	22
0.0	100.0	0.0	0.0	0.0	0.0	700.0	5.0	3.0		No	Fluidized Bed	28.6	22
100.0	0.0	0.0	0.0	0.0	0.0	640.0	10.0			No	Fluidized Bed	68.5	23
100.0	0.0	0.0	0.0	0.0	0.0	680.0	10.0			No	Fluidized Bed	39.6	23
100.0	0.0	0.0	0.0	0.0	0.0	730.0	10.0			No	Fluidized Bed	18.0	23
100.0	0.0	0.0	0.0	0.0	0.0	780.0	10.0			No	Fluidized Bed	9.6	23
100.0	0.0	0.0	0.0	0.0	0.0	850.0	10.0			No	Fluidized Bed	16.2	23
50.0	50.0	0.0	0.0	0.0	0.0	500.0	10.0	5.0	2.0	No	Fixed Bed	83.0	24
0.0	0.0	100.0	0.0	0.0	0.0	500.0	10.0	5.0	2.0	No	Fixed Bed	81.0	24
0.0	0.0	0.0	100.0	0.0	0.0	500.0	10.0	5.0	2.0	No	Fixed Bed	97.0	24
0.0	0.0	0.0	0.0	0.0	100.0	500.0	10.0	5.0	2.0	No	Fixed Bed	38.5	24
30.0	30.0	13.0	18.0	0.0	0.0	500.0	10.0	5.0	2.0	No	Fixed Bed	80.0	24
30.0	30.0	13.0	18.0	0.0	0.0	500.0	10.0	5.0	2.0	No	Fixed Bed	88.0	24
100.0	0.0	0.0	0.0	0.0	0.0	500.0	10.0		2.0	Yes	Fixed Bed	57.0	24
0.0	0.0	100.0	0.0	0.0	0.0	500.0	10.0		2.0	Yes	Fixed Bed	51.0	24
0.0	0.0	0.0	100.0	0.0	0.0	500.0	10.0		2.0	Yes	Fixed Bed	93.0	24
0.0	0.0	0.0	0.0	0.0	100.0	500.0	10.0		2.0	Yes	Fixed Bed	43.0	24
30.0	30.0	13.0	18.0	0.0	0.0	500.0	10.0		2.0	Yes	Fixed Bed	51.0	24
30.0	30.0	13.0	18.0	0.0	0.0	500.0	10.0		2.0	Yes	Fixed Bed	57.0	24
29.4	29.4	26.9	8.7	0.0	5.6	450.0	20.0	20.0	200.0	No	Batch	78.0	25
29.4	29.4	26.9	8.7	0.0	5.6	500.0	20.0	20.0	200.0	No	Batch	80.5	25
29.4	29.4	26.9	8.7	0.0	5.6	550.0	20.0	20.0	200.0	No	Batch	82.0	25
29.4	29.4	26.9	8.7	0.0	5.6	600.0	20.0	20.0	200.0	No	Batch	84.0	25
100.0	0.0	0.0	0.0	0.0	0.0	645.0		0.225		No	Fluidized Bed	79.7	26
100.0	0.0	0.0	0.0	0.0	0.0	640.0		0.225		No	Fluidized Bed	78.9	26
100.0	0.0	0.0	0.0	0.0	0.0	650.0		0.225		No	Fluidized Bed	68.5	26
100.0	0.0	0.0	0.0	0.0	0.0	650.0		0.225		No	Fluidized Bed	72.3	26
100.0	0.0	0.0	0.0	0.0	0.0	685.0		0.225		No	Fluidized Bed	33.4	26
100.0	0.0	0.0	0.0	0.0	0.0	685.0		0.225		No	Fluidized Bed	39.6	26
100.0	0.0	0.0	0.0	0.0	0.0	700.0		0.225		No	Fluidized Bed	32.1	26
100.0	0.0	0.0	0.0	0.0	0.0	685.0		0.225		No	Fluidized Bed	40.7	26
100.0	0.0	0.0	0.0	0.0	0.0	730.0		0.225		No	Fluidized Bed	19.6	26
100.0	0.0	0.0	0.0	0.0	0.0	725.0		0.225		No	Fluidized Bed	20.7	26
100.0	0.0	0.0	0.0	0.0	0.0	715.0		0.225		No	Fluidized Bed	19.2	26
100.0	0.0	0.0	0.0	0.0	0.0	730.0		0.225		No	Fluidized Bed	13.5	26
100.0	0.0	0.0	0.0	0.0	0.0	780.0		0.225		No	Fluidized Bed	15.3	26
100.0	0.0	0.0	0.0	0.0	0.0	780.0		0.225		No	Fluidized Bed	9.6	26
100.0	0.0	0.0	0.0	0.0	0.0	780.0		0.225		No	Fluidized Bed	13.4	26
100.0	0.0	0.0	0.0	0.0	0.0	800.0		0.225		No	Fluidized Bed	13.7	26
100.0	0.0	0.0	0.0	0.0	0.0	850.0		0.225		No	Fluidized Bed	11.4	26
100.0	0.0	0.0	0.0	0.0	0.0	850.0		0.225		No	Fluidized Bed	16.2	26
100.0	0.0	0.0	0.0	0.0	0.0	850.0		0.225		No	Fluidized Bed	15.4	26
100.0	0.0	0.0	0.0	0.0	0.0	850.0		0.225		No	Fluidized Bed	12.2	26
0.0	0.0	0.0	100.0	0.0	0.0	450.0	5.0	3.5	10.0	No	Fluidized Bed	97.6	27
0.0	0.0	0.0	100.0	0.0	0.0	500.0	5.0	3.5	10.0	No	Fluidized Bed	96.4	27
0.0	0.0	0.0	100.0	0.0	0.0	550.0	5.0	3.5	10.0	No	Fluidized Bed	95.3	27
0.0	0.0	0.0	100.0	0.0	0.0	600.0	5.0	3.5	10.0	No	Fluidized Bed	98.7	27
0.0	0.0	0.0	100.0	0.0	0.0	650.0	5.0	3.5	10.0	No	Fluidized Bed	90.7	27
0.0	0.0	0.0	100.0	0.0	0.0	700.0	5.0	3.5	10.0	No	Fluidized Bed	90.2	27
0.0	100.0	0.0	0.0	0.0	0.0	425.0	10.0	2.0	10.0	No	Batch	89.5	28
0.0	100.0	0.0	0.0	0.0	0.0	450.0	10.0	2.0	10.0	No	Batch	72.4	28
0.0	100.0	0.0	0.0	0.0	0.0	500.0	10.0	2.0	10.0	No	Batch	37.5	28
0.0	0.0	0.0	100.0	0.0	0.0	350.0	10.0	2.0	10.0	No	Batch	99.0	28
0.0	0.0	0.0	100.0	0.0	0.0	450.0	10.0	2.0	10.0	No	Batch	79.4	28
0.0	0.0	0.0	100.0	0.0	0.0	500.0	10.0	2.0	10.0	No	Batch	67.1	28
0.0	70.0	0.0	30.0	0.0	0.0	400.0	10.0	2.0	10.0	No	Batch	96.0	28
0.0	70.0	0.0	30.0	0.0	0.0	425.0	10.0	2.0	10.0	No	Batch	90.2	28
0.0	70.0	0.0	30.0	0.0	0.0	450.0	10.0	2.0	10.0	No	Batch	83.7	28
0.0	0.0	100.0	0.0	0.0	0.0	380.0	3.0		10.0	No	Batch	64.9	29
0.0	0.0	100.0	0.0	0.0	0.0	380.0	3.0		10.0	No	Batch	80.1	29
0.0	0.0	100.0	0.0	0.0	0.0	380.0	3.0		10.0	Yes	Batch	54.5	29
0.0	0.0	100.0	0.0	0.0	0.0	380.0	3.0		10.0	Yes	Batch	68.8	29
0.0	0.0	100.0	0.0	0.0	0.0	380.0	3.0		10.0	Yes	Batch	78.3	29
0.0	0.0	100.0	0.0	0.0	0.0	380.0	3.0		10.0	Yes	Batch	47.0	29
0.0	0.0	100.0	0.0	0.0	0.0	380.0	3.0		10.0	Yes	Batch	75.4	29
0.0	0.0	100.0	0.0	0.0	0.0	380.0	3.0		10.0	Yes	Batch	80.6	29
0.0	0.0	100.0	0.0	0.0	0.0	380.0	3.0		10.0	Yes	Batch	86.4	29
0.0	0.0	100.0	0.0	0.0	0.0	380.0	3.0		10.0	Yes	Batch	85.4	29
0.0	0.0	100.0	0.0	0.0	0.0	380.0	3.0		10.0	Yes	Batch	83.3	29
0.0	0.0	100.0	0.0	0.0	0.0	380.0	3.0		10.0	Yes	Batch	83.7	29
0.0	0.0	100.0	0.0	0.0	0.0	380.0	3.0		10.0	Yes	Batch	83.0	29
100.0	0.0	0.0	0.0	0.0	0.0	430.0	3.0		10.0	No	Batch	69.3	29
100.0	0.0	0.0	0.0	0.0	0.0	430.0	3.0		10.0	Yes	Batch	67.8	29
100.0	0.0	0.0	0.0	0.0	0.0	430.0	3.0		10.0	Yes	Batch	74.3	29
100.0	0.0	0.0	0.0	0.0	0.0	430.0	3.0		10.0	Yes	Batch	49.8	29
100.0	0.0	0.0	0.0	0.0	0.0	430.0	3.0		10.0	Yes	Batch	71.1	29
100.0	0.0	0.0	0.0	0.0	0.0	430.0	3.0		10.0	Yes	Batch	81.4	29
100.0	0.0	0.0	0.0	0.0	0.0	430.0	3.0		10.0	Yes	Batch	80.1	29
100.0	0.0	0.0	0.0	0.0	0.0	430.0	3.0		10.0	Yes	Batch	81.9	29
100.0	0.0	0.0	0.0	0.0	0.0	430.0	3.0		10.0	Yes	Batch	75.2	29
0.0	0.0	100.0	0.0	0.0	0.0	250.0		50.0	1000.0	No	Batch	51.76	30
0.0	0.0	100.0	0.0	0.0	0.0	300.0		50.0	1000.0	No	Batch	68.98	30
0.0	0.0	100.0	0.0	0.0	0.0	350.0		50.0	1000.0	No	Batch	79.68	30
0.0	0.0	100.0	0.0	0.0	0.0	400.0		50.0	1000.0	No	Batch	80.14	30
0.0	0.0	100.0	0.0	0.0	0.0	250.0		50.0	1000.0	No	Batch	52.31	30
0.0	0.0	100.0	0.0	0.0	0.0	300.0		50.0	1000.0	No	Batch	69.32	30
0.0	0.0	100.0	0.0	0.0	0.0	350.0		50.0	1000.0	No	Batch	85.06	30
0.0	0.0	100.0	0.0	0.0	0.0	400.0		50.0	1000.0	No	Batch	88.86	30
25.0	35.0	40.0	0.0	0.0	0.0	400.0	12.0	1.4		No	Fixed Bed	18.89	31
25.0	35.0	40.0	0.0	0.0	0.0	500.0	12.0	1.4		No	Fixed Bed	30.66	31
25.0	35.0	40.0	0.0	0.0	0.0	450.0	12.0	1.4		No	Fixed Bed	26.68	31
25.0	35.0	40.0	0.0	0.0	0.0	475.0	12.0	1.4		No	Fixed Bed	28.26	31
25.0	35.0	40.0	0.0	0.0	0.0	500.0	12.0	1.4		No	Fixed Bed	32.8	31
25.0	35.0	40.0	0.0	0.0	0.0	525.0	12.0	1.4		No	Fixed Bed	28.8	31
25.0	35.0	40.0	0.0	0.0	0.0	500.0	12.0	1.4		No	Fixed Bed	28.8	31
25.0	35.0	40.0	0.0	0.0	0.0	500.0	12.0	1.4		No	Fixed Bed	30.37	31
40.0	0.0	35.0	18.0	4.0	3.0	460.0	20.0	3.0	100.0	No	Semi Batch	72.0	32
40.0	0.0	35.0	18.0	4.0	3.0	500.0	20.0	3.0	100.0	No	Semi Batch	65.2	32
40.0	0.0	35.0	18.0	4.0	3.0	600.0	20.0	3.0	100.0	No	Semi Batch	42.9	32
0.0	100.0	0.0	0.0	0.0	0.0	300.0		3.5	100.0	Yes	Fixed Bed	53.5	33
0.0	90.0	10.0	0.0	0.0	0.0	560.0	10.0	4.0	22.5	Yes	Batch	29.0	34
0.0	70.0	30.0	0.0	0.0	0.0	560.0	10.0	4.0	22.5	Yes	Batch	68.0	34
0.0	50.0	50.0	0.0	0.0	0.0	560.0	10.0	4.0	22.5	Yes	Batch	70.0	34
0.0	30.0	70.0	0.0	0.0	0.0	560.0	10.0	4.0	22.5	Yes	Batch	78.0	34
0.0	10.0	90.0	0.0	0.0	0.0	560.0	10.0	4.0	22.5	Yes	Batch	80.0	34
10.0	90.0	0.0	0.0	0.0	0.0	560.0	10.0	4.0	22.5	Yes	Batch	55.0	34
30.0	70.0	0.0	0.0	0.0	0.0	560.0	10.0	4.0	22.5	Yes	Batch	75.0	34
50.0	50.0	0.0	0.0	0.0	0.0	560.0	10.0	4.0	22.5	Yes	Batch	78.0	34
70.0	30.0	0.0	0.0	0.0	0.0	560.0	10.0	4.0	22.5	Yes	Batch	75.0	34
90.0	10.0	0.0	0.0	0.0	0.0	560.0	10.0	4.0	22.5	Yes	Batch	61.0	34
10.0	0.0	0.0	90.0	0.0	0.0	560.0	10.0	4.0	22.5	Yes	Batch	81.0	34
30.0	0.0	0.0	70.0	0.0	0.0	560.0	10.0	4.0	22.5	Yes	Batch	68.0	35
50.0	0.0	0.0	50.0	0.0	0.0	560.0	10.0	4.0	22.5	Yes	Batch	70.0	35
70.0	0.0	0.0	30.0	0.0	0.0	560.0	10.0	4.0	22.5	Yes	Batch	80.0	35
90.0	0.0	0.0	10.0	0.0	0.0	560.0	10.0	4.0	22.5	Yes	Batch	81.0	35
0.0	0.0	100.0	0.0	0.0	0.0	500.0	20.0	2.5	20.0	No	Batch	83.0	35
0.0	0.0	100.0	0.0	0.0	0.0	500.0	20.0	2.5	20.0	Yes	Batch	84.0	35
0.0	0.0	100.0	0.0	0.0	0.0	500.0	20.0	2.5	20.0	Yes	Batch	85.0	35
0.0	0.0	100.0	0.0	0.0	0.0	500.0	20.0	2.5	20.0	Yes	Batch	83.0	35
0.0	0.0	100.0	0.0	0.0	0.0	500.0	20.0	2.5	20.0	Yes	Batch	77.0	35
0.0	100.0	0.0	0.0	0.0	0.0	500.0	20.0	2.5	20.0	No	Batch	76.0	35
0.0	100.0	0.0	0.0	0.0	0.0	500.0	20.0	2.5	20.0	Yes	Batch	78.0	35
0.0	100.0	0.0	0.0	0.0	0.0	500.0	20.0	2.5	20.0	Yes	Batch	82.0	35
0.0	100.0	0.0	0.0	0.0	0.0	500.0	20.0	2.5	20.0	Yes	Batch	75.0	35
0.0	100.0	0.0	0.0	0.0	0.0	500.0	20.0	2.5	20.0	Yes	Batch	68.0	35
100.0	0.0	0.0	0.0	0.0	0.0	500.0	20.0	2.5	20.0	No	Batch	78.0	35
100.0	0.0	0.0	0.0	0.0	0.0	500.0	20.0	2.5	20.0	Yes	Batch	79.0	35
100.0	0.0	0.0	0.0	0.0	0.0	500.0	20.0	2.5	20.0	Yes	Batch	80.0	35
100.0	0.0	0.0	0.0	0.0	0.0	500.0	20.0	2.5	20.0	Yes	Batch	79.0	35
100.0	0.0	0.0	0.0	0.0	0.0	500.0	20.0	2.5	20.0	Yes	Batch	73.0	35
33.3	33.3	33.3	0.0	0.0	0.0	500.0	20.0	2.5	20.0	No	Batch	77.0	35
33.3	33.3	33.3	0.0	0.0	0.0	500.0	20.0	2.5	20.0	Yes	Batch	79.0	35
33.3	33.3	33.3	0.0	0.0	0.0	500.0	20.0	2.5	20.0	Yes	Batch	80.0	35
33.3	33.3	33.3	0.0	0.0	0.0	500.0	20.0	2.5	20.0	Yes	Batch	78.0	35
33.3	33.3	33.3	0.0	0.0	0.0	500.0	20.0	2.5	20.0	Yes	Batch	76.0	35
0.0	0.0	100.0	0.0	0.0	0.0	400.0		25.0	1000.0	No	Batch	78.0	36
0.0	0.0	100.0	0.0	0.0	0.0	450.0		25.0	1000.0	No	Batch	79.6	36
0.0	0.0	100.0	0.0	0.0	0.0	500.0		25.0	1000.0	No	Batch	81.0	36
0.0	0.0	100.0	0.0	0.0	0.0	400.0		25.0	1000.0	Yes	Batch	78.4	36
0.0	0.0	100.0	0.0	0.0	0.0	450.0		25.0	1000.0	Yes	Batch	75.5	36
0.0	0.0	100.0	0.0	0.0	0.0	500.0		25.0	1000.0	Yes	Batch	53.2	36
0.0	0.0	90.0	0.0	0.0	10.0	400.0		25.0	1000.0	Yes	Batch	73.0	36
0.0	0.0	75.0	0.0	0.0	25.0	450.0		25.0	1000.0	Yes	Batch	54.7	36
0.0	0.0	65.0	0.0	0.0	35.0	500.0		25.0	1000.0	Yes	Batch	45.0	36
0.0	0.0	0.0	100.0	0.0	0.0	450.0	5.0	20.0	1000.0	Yes	Batch	70.0	37
0.0	0.0	0.0	100.0	0.0	0.0	450.0	10.0	20.0	1000.0	Yes	Batch	60.0	37
50.0	50.0	0.0	0.0	0.0	0.0	450.0	10.0	20.0	1000.0	Yes	Batch	40.0	37
50.0	50.0	0.0	0.0	0.0	0.0	450.0	10.0	20.0	1000.0	Yes	Batch	42.0	37
0.0	0.0	100.0	0.0	0.0	0.0	450.0	10.0	20.0	1000.0	Yes	Batch	40.0	37
0.0	0.0	100.0	0.0	0.0	0.0	450.0	10.0	20.0	1000.0	Yes	Batch	54.0	37
0.0	50.0	0.0	50.0	0.0	0.0	450.0	10.0	20.0	1000.0	Yes	Batch	44.0	37
0.0	50.0	0.0	50.0	0.0	0.0	450.0	10.0	20.0	1000.0	Yes	Batch	52.0	37
0.0	0.0	50.0	50.0	0.0	0.0	450.0	10.0	20.0	1000.0	Yes	Batch	54.0	37
0.0	0.0	50.0	50.0	0.0	0.0	450.0	10.0	20.0	1000.0	Yes	Batch	34.0	37
0.0	50.0	50.0	0.0	0.0	0.0	450.0	10.0	20.0	1000.0	Yes	Batch	44.0	37
0.0	50.0	50.0	0.0	0.0	0.0	450.0	10.0	20.0	1000.0	Yes	Batch	40.0	37
0.0	25.0	25.0	50.0	0.0	0.0	450.0	10.0	20.0	1000.0	Yes	Batch	44.0	37
0.0	25.0	25.0	50.0	0.0	0.0	450.0	10.0	20.0	1000.0	Yes	Batch	40.0	37
0.0	20.0	20.0	20.0	0.0	20.0	450.0	10.0	20.0	1000.0	Yes	Batch	28.0	37
0.0	20.0	20.0	20.0	0.0	20.0	450.0	10.0	20.0	1000.0	Yes	Batch	30.0	37
0.0	100.0	0.0	0.0	0.0	0.0	450.0	55.0	0.5	15.0	Yes	Semi Batch	34.5	38
0.0	100.0	0.0	0.0	0.0	0.0	500.0	55.0	0.5	15.0	Yes	Semi Batch	56.53	38
0.0	100.0	0.0	0.0	0.0	0.0	550.0	55.0	0.5	15.0	Yes	Semi Batch	53.0	38
0.0	100.0	0.0	0.0	0.0	0.0	600.0	55.0	0.5	15.0	Yes	Semi Batch	48.97	38
0.0	17.0	0.0	17.0	0.0	66.0	450.0	6.0	100.0	60.0	No	Semi Batch	10.0	39
0.0	17.0	0.0	66.0	0.0	17.0	450.0	6.0	100.0	60.0	No	Semi Batch	36.0	39
0.0	100.0	0.0	0.0	0.0	0.0	450.0	6.0	100.0	60.0	No	Semi Batch	30.0	39
0.0	100.0	0.0	0.0	0.0	0.0	450.0	6.0	100.0	60.0	No	Semi Batch	32.0	39
0.0	0.0	0.0	0.0	0.0	100.0	450.0	6.0	100.0	60.0	No	Semi Batch	4.0	39
0.0	50.0	0.0	0.0	0.0	50.0	450.0	6.0	100.0	60.0	No	Semi Batch	8.0	39
0.0	33.0	0.0	33.0	0.0	33.0	450.0	6.0	100.0	60.0	No	Semi Batch	33.0	39
0.0	50.0	0.0	50.0	0.0	0.0	450.0	6.0	100.0	60.0	No	Semi Batch	52.0	39
0.0	0.0	0.0	0.0	0.0	100.0	450.0	6.0	100.0	60.0	No	Semi Batch	2.0	39
0.0	0.0	0.0	100.0	0.0	0.0	450.0	6.0	100.0	60.0	No	Semi Batch	49.0	39
0.0	0.0	0.0	50.0	0.0	50.0	450.0	6.0	100.0	60.0	No	Semi Batch	27.0	39
0.0	67.0	0.0	17.0	0.0	17.0	450.0	6.0	100.0	60.0	No	Semi Batch	34.0	39
0.0	0.0	0.0	100.0	0.0	0.0	450.0	6.0	100.0	60.0	No	Semi Batch	40.0	39